[1,["ecpdLyjvZBwrvm+cedCcQy","79i9CjmuFC/bqr57s8Y133","c1UXQj2dBCgqzL6A0MgF2G"],["node","root","data","_spriteFrame","_textureSetter"],["cc.SpriteFrame",["cc.Prefab",["_name"],2],["cc.Node",["_name","_components","_prefab","_contentSize"],2,9,4,5],["cc.Sprite",["_sizeMode","node","_materials","_spriteFrame"],2,1,3,6],["2c9f2XjLmxHG4QiouC7Z6Up",["node"],3,1],["cc.PrefabInfo",["root"],3,1]],[[1,0,2],[2,0,1,2,3,2],[3,0,1,2,3,2],[4,0,1],[5,0,1]],[[[[0,"ball"],[1,"ball",[[2,0,-2,[0],1],[3,-3]],[4,-1],[5,60,60]]],0,[0,1,1,0,0,1,0,0,1,0,2,1,3],[0,0],[-1,3],[0,1]],[[{"name":"ball3","rect":[0,0,225,225],"offset":[0,0],"originalSize":[225,225],"capInsets":[0,0,0,0]}],[0],0,[0],[4],[2]]]]