{"paths":{},"types":[],"uuids":["ddTkx4Uv9Htaxe7j5npVOa","ecpdLyjvZBwrvm+cedCcQy","c7eLqOS6xPcrVhT+Q0VuLO","a2MjXRFdtLlYQ5ouAFv/+R","02DNTOoh1NQ6UliOW5SN5I","13xbH9F6NLPoaEUOjAf5mg","79i9CjmuFC/bqr57s8Y133","2dAQleE2BEzYGobW2rqALB","02delMVqdBD70a/HSD99FK"],"scenes":{"db://assets/scene/MainScene.fire":0},"redirect":[1,0,2,1,4,1,5,1,6,1,7,1,8,0],"deps":["internal","resources"],"packs":{"03c9efee4":[3,0]},"name":"main","importBase":"import","nativeBase":"native","debug":false,"isZip":false,"encrypted":false,"versions":{"import":["03c9efee4","eb715"],"native":[]}}