[1,["26tV8i9mtG6pHuIF9f1cL8","ecpdLyjvZBwrvm+cedCcQy","34Xgf7eItHta/uaz3/Wi19"],["node","_textureSetter","root","target","data","_spriteFrame"],["cc.SpriteFrame",["cc.Prefab",["_name"],2],["cc.Node",["_name","_components","_prefab","_contentSize","_anchorPoint","_trs"],2,9,4,5,5,7],["cc.Sprite",["_sizeMode","node","_materials","_spriteFrame"],2,1,3,6],["af9a4qiEpVEGLobT+PDI9si",["node"],3,1],["cc.Button",["node","clickEvents"],3,1,9],["cc.ClickEvent",["_componentId","handler","target"],1,1],["cc.PrefabInfo",["root"],3,1]],[[1,0,2],[2,0,1,2,3,4,5,2],[3,0,1,2,3,2],[4,0,1],[5,0,1,1],[6,0,1,2,3],[7,0,1]],[[[{"name":"images","rect":[0,0,225,225],"offset":[0,0],"originalSize":[225,225],"capInsets":[0,0,0,0]}],[0],0,[0],[1],[0]],[[[0,"item"],[1,"item",[[2,0,-2,[0],1],[3,-3],[4,-5,[[5,"af9a4qiEpVEGLobT+PDI9si","onClickItem",-4]]]],[6,-1],[5,93,240],[0,0.5,0],[-172.896,20,0,0,0,0,1,1,1,1]]],0,[0,2,1,0,0,1,0,0,1,0,3,1,0,0,1,0,4,1,5],[0,0],[-1,5],[1,2]]]]