{"paths":{"0":["prefab/playGame/image/ball",1],"1":["prefab/playGame/image/ball2",1],"2":["prefab/playGame/image/ball3",1],"3":["prefab/playGame/image/ball4",1],"4":["prefab/playGame/image/bgBtntn",1],"5":["prefab/playGame/image/haikei_4",1],"6":["prefab/playGame/image/images",1],"7":["prefab/item",0],"8":["prefab/playGame/image/ball",2,1],"9":["prefab/playGame/image/ball2",2,1],"10":["prefab/playGame/image/ball3",2,1],"11":["prefab/playGame/image/ball4",2,1],"12":["prefab/playGame/image/bgBtntn",2,1],"13":["prefab/playGame/image/haikei_4",2,1],"14":["prefab/playGame/image/images",2,1],"15":["prefab/playGame/prefab/ball",0]},"types":["cc.Prefab","cc.Texture2D","cc.SpriteFrame"],"uuids":["d2tkttlbJO/L4MjAbW0AUJ","15u5JrbCRDw7U5iPWRHYdr","c1UXQj2dBCgqzL6A0MgF2G","1eTNSPo1tI+ZFgHndMKdko","0dt0weIO5Mn5hKWNL2pqHg","e1blD/bmlJ2r+oE81yEvN0","26tV8i9mtG6pHuIF9f1cL8","7cGy7HkL9LYZjCEbgPo5HM","02DNTOoh1NQ6UliOW5SN5I","13xbH9F6NLPoaEUOjAf5mg","79i9CjmuFC/bqr57s8Y133","2dAQleE2BEzYGobW2rqALB","b5xLTtXydGjL+ooWyw8d+W","c7eLqOS6xPcrVhT+Q0VuLO","34Xgf7eItHta/uaz3/Wi19","168BtuQ0hO1YeXAr0TcXm4","ecpdLyjvZBwrvm+cedCcQy"],"scenes":{},"redirect":[16,0],"deps":["internal"],"packs":{"0616d115f":[14,7],"09da2ec55":[15,10],"0303fc161":[4,1,3,6,2,0,5]},"name":"resources","importBase":"import","nativeBase":"native","debug":false,"isZip":false,"encrypted":false,"versions":{"import":[8,"b020e","0303fc161","5882f","0616d115f","0436c","09da2ec55","10339",9,"e52e8",11,"45a9a",12,"12609",13,"445d0"],"native":[4,"d334a",1,"eae9c",3,"62f69",6,"80439",2,"0826f",0,"cc7d6",5,"b9846"]}}