[1,["ecpdLyjvZBwrvm+cedCcQy","a2MjXRFdtLlYQ5ouAFv/+R","02delMVqdBD70a/HSD99FK","c7eLqOS6xPcrVhT+Q0VuLO","02DNTOoh1NQ6UliOW5SN5I","13xbH9F6NLPoaEUOjAf5mg","79i9CjmuFC/bqr57s8Y133","2dAQleE2BEzYGobW2rqALB"],["node","_spriteFrame","_parent","_textureSetter","layer4","layer3","layer2","layer1","layer","itemPrefab","scene"],[["cc.Node",["_name","_components","_contentSize","_parent","_anchorPoint","_children","_trs"],2,9,5,1,5,12,7],["cc.Node",["_name","_id","_children","_parent","_components","_contentSize","_trs"],1,2,1,9,5,7],["cc.Sprite",["_sizeMode","node","_materials","_spriteFrame"],2,1,3,6],"cc.SpriteFrame",["cc.SceneAsset",["_name","asyncLoadAssets"],1],["a4f9env1UNJUJQdMcCvN+A6",["node","itemPrefab","layer","layer1","layer2","layer3","layer4"],3,1,1,1,1,1,1,1],["cf3d5WKFfdFt7J9J7OhFA5w",["node","arrIcon"],3,1,2],["cc.Canvas",["node","_designResolution"],3,1,5],["cc.Widget",["_alignFlags","node"],2,1],["cc.Button",["node","clickEvents"],3,1,9],["cc.ClickEvent",["_componentId","handler","target"],1,1],["cc.Scene",["_name","_active","_children","_anchorPoint","_trs"],1,2,5,7],["cc.Camera",["_clearFlags","_depth","node"],1,1]],[[2,0,1,2,3,2],[0,0,3,1,2,4,6,2],[0,0,3,1,2,4,2],[9,0,1,1],[10,0,1,2,3],[4,0,1,3],[0,0,5,1,2,2],[0,0,3,2,2],[0,0,3,1,2],[0,0,3,1,2,2],[1,0,3,2,4,5,6,2],[1,0,3,2,2],[1,0,1,2,4,5,6,3],[5,0,1,2,3,4,5,6,1],[6,0,1,1],[7,0,1,1],[8,0,1,2],[2,1,2,3,1],[11,0,1,2,3,4,3],[12,0,1,2,3]],[[[{"name":"default_sprite_splash","rect":[0,0,2,2],"offset":[0,0],"originalSize":[2,2],"capInsets":[0,0,0,0]}],[3],0,[0],[3],[2]],[[[5,"MainScene",null],[6,"PlayGame",[[-8,[7,"layoutBoard",-9,[5,300,225]],-10,-11],1,4,1,1],[[13,-7,-6,-5,-4,-3,-2,-1]],[5,720,1280]],[10,"itemPrefab",1,[-17,-18,-19,-20],[[14,-16,[-12,-13,-14,-15]]],[5,40,36],[915.7829999999999,11.352999999999952,0,0,0,0,1,1,1,1]],[11,"layer",1,[-21,-22,-23,-24]],[12,"Canvas","a5esZu+45LA5mBpvttspPD",[-27,1],[[15,-25,[5,720,1280]],[16,45,-26]],[5,720,1280],[360,640,0,0,0,0,1,1,1,1]],[1,"layer1",3,[[0,0,-28,[2],3],[3,-29,[[4,"a4f9env1UNJUJQdMcCvN+A6","onHanlderClickLayer1",1]]]],[5,100,200],[0,0.5,0],[-230,0,0,0,0,0,1,1,1,1]],[1,"layer2",3,[[0,0,-30,[4],5],[3,-31,[[4,"a4f9env1UNJUJQdMcCvN+A6","onHanlderClickLayer2",1]]]],[5,100,200],[0,0.5,0],[-74,0,0,0,0,0,1,1,1,1]],[1,"layer3",3,[[0,0,-32,[6],7],[3,-33,[[4,"a4f9env1UNJUJQdMcCvN+A6","onHanlderClickLayer3",1]]]],[5,100,200],[0,0.5,0],[81,0,0,0,0,0,1,1,1,1]],[1,"layer4",3,[[0,0,-34,[8],9],[3,-35,[[4,"a4f9env1UNJUJQdMcCvN+A6","onHanlderClickLayer4",1]]]],[5,100,200],[0,0.5,0],[237,0,0,0,0,0,1,1,1,1]],[2,"ball",2,[[0,0,-36,[10],11]],[5,50,50],[0,0.5,0]],[2,"ball2",2,[[0,0,-37,[12],13]],[5,50,50],[0,0.5,0]],[2,"ball3",2,[[0,0,-38,[14],15]],[5,50,50],[0,0.5,0]],[2,"ball4",2,[[0,0,-39,[16],17]],[5,50,50],[0,0.5,0]],[18,"New Node",false,[4],[0,0,0],[0,0,0,0,0,0,1,1,1,1]],[8,"Main Camera",4,[[19,7,-1,-40]]],[9,"bg",1,[[17,-41,[0],1]],[5,720,1280]]],0,[0,4,8,0,5,7,0,6,6,0,7,5,0,8,3,0,9,2,0,0,1,0,-1,15,0,2,1,0,-3,3,0,-4,2,0,-1,9,0,-2,10,0,-3,11,0,-4,12,0,0,2,0,-1,9,0,-2,10,0,-3,11,0,-4,12,0,-1,5,0,-2,6,0,-3,7,0,-4,8,0,0,4,0,0,4,0,-1,14,0,0,5,0,0,5,0,0,6,0,0,6,0,0,7,0,0,7,0,0,8,0,0,8,0,0,9,0,0,10,0,0,11,0,0,12,0,0,14,0,0,15,0,10,13,1,2,4,4,2,13,41],[0,0,0,0,0,0,0,0,0,0,0,0,0,0,0,0,0,0],[-1,1,-1,1,-1,1,-1,1,-1,1,-1,1,-1,1,-1,1,-1,1],[0,3,0,1,0,1,0,1,0,1,0,4,0,5,0,6,0,7]]]]